<?xml version="1.0" encoding="UTF-8"?>
<news>
  <article>
    <title>New Release: "The Mystery of the Missing Manuscript"</title>
    <description>
      A thrilling new book, "The Mystery of the Missing Manuscript," has just been released by renowned author John Smith. Dive into a world of intrigue and adventure as detective John Anderson races against time to recover a valuable ancient manuscript before it falls into the wrong hands.This page-turner promises to keep you on the edge of your seat with its unexpected twists and turns. Fans of mystery novels won't want to miss this captivating tale filled with vivid characters and expert storytelling.
    </description>
  </article>
  <article>
    <title>Book Club Recommendation: "The Art of War"</title>
    <description>
      Attention book club enthusiasts! The latest pick for our monthly book club meeting is "The Art of War" by Sun Tzu. This ancient Chinese military treatise offers timeless wisdom on strategy, leadership, and conflict resolution.Join us as we delve into the depths of this influential work and explore its applications beyond the battlefield. Whether you're a history buff, a business professional, or simply curious about the art of successful decision-making, this book is sure to spark insightful discussions and expand your perspective.
    </description>
  </article>
  <article>
    <title>Book Signing Event: Meet Bestselling Author Emily Parker</title>
    <description>
      Attention book lovers! Don't miss the opportunity to meet the bestselling author Emily Parker at our upcoming book signing event.Emily Parker will be autographing copies of her latest novel, "Echoes of Yesterday," which has already captivated readers worldwide with its poignant storytelling and unforgettable characters.Join us at the Main Street Bookstore on June 15th at 6:00 PM for an evening of literary celebration and a chance to engage with the talented author behind this literary sensation.
    </description>
  </article>
</news>
