<?xml version="1.0" encoding="UTF-8"?>
<user_list>
<user>
	<username>user1</username>
	<password>12345</password>
	<ime>Pero</ime>
    <prezime>Djetlić</prezime>
	
</user>
<user>
	<username>user2</username>
	<password>12345</password>
	<ime>Johnny</ime>
    <prezime>Bravo</prezime>
</user>
<user><username>Borna</username><password>4213</password><ime>Borna</ime><prezime>Pejnović</prezime></user><user><username>Borna</username><password>4213</password><ime>Borna</ime><prezime>Pejnovic</prezime></user><user><username>Borna</username><password>4213</password><ime>Borna</ime><prezime>Pejnovic</prezime></user></user_list>
